#{"t_start": 1748716358.5233672, "env_id": "None"}
r,l,t
-100.0,1,9.59974
-100.0,1,9.599823
-100.0,1,18.648216
-110.0,2,23.041064
-100.0,1,23.041138
-100.0,1,27.79689
-100.0,1,27.796952
-100.0,1,32.483392
-100.0,1,32.483499
-100.0,1,37.689831
-100.0,1,37.689896
-110.0,2,55.726297
-110.0,2,55.726401
-100.0,1,60.561014
-100.0,1,60.561075
-100.0,1,65.103506
-100.0,1,65.104228
-100.0,1,73.929317
-110.0,2,82.356627
-110.0,2,90.912215
-100.0,1,95.587268
-110.0,2,95.587331
-100.0,1,103.725417
-100.0,1,108.306044
-110.0,2,108.306099
-100.0,1,113.079129
-100.0,1,113.079188
-100.0,1,119.749092
-110.0,2,123.444622
-100.0,1,123.444677
-105.0,1,129.206745
-100.0,1,129.206805
-100.0,1,135.915182
-110.0,2,142.214894
-100.0,1,142.214967
-100.0,1,148.65199
-100.0,1,148.652132
-100.0,1,155.041024
-102.5,1,155.041077
-100.0,1,163.463457
-110.0,2,170.864967
-110.0,2,180.160345
-110.0,2,187.526961
-110.0,2,195.908928
-110.0,2,206.356537
-100.0,1,212.496683
-110.0,2,212.496759
-100.0,1,220.326477
-110.0,2,226.531434
-110.0,2,234.689458
-105.0,1,234.689564
-100.0,1,244.39106
-100.0,1,248.317816
-110.0,2,248.317873
-102.5,1,258.746855
-100.0,1,262.727126
-110.0,2,262.727186
-100.0,1,270.339568
-110.0,2,274.354861
-100.0,1,274.354914
-100.0,1,281.204051
-100.0,1,285.191676
-110.0,2,285.191737
-100.0,1,293.018243
-100.0,1,296.95086
-110.0,2,296.950922
-100.0,1,303.977643
-110.0,2,308.065514
-100.0,1,308.065574
-100.0,1,314.311774
-110.0,2,320.534682
-100.0,1,324.223777
-110.0,2,324.223837
-100.0,1,330.766844
-100.0,1,334.751458
-110.0,2,334.751518
-100.0,1,338.935261
-100.0,1,338.935318
-100.0,1,343.01122
-100.0,1,343.011279
-100.0,1,349.99202
-110.0,2,354.060452
-100.0,1,354.060511
-100.0,1,361.255141
-100.0,1,365.117131
-110.0,2,365.117193
-100.0,1,372.416842
-110.0,2,379.022565
-100.0,1,383.018794
-110.0,2,383.018852
-100.0,1,387.021588
-100.0,1,387.021645
-100.0,1,391.364761
-100.0,1,391.364848
-110.0,2,406.343466
-110.0,2,406.343524
-100.0,1,410.351135
-100.0,1,410.351203
-110.0,2,423.73122
-110.0,2,423.731279
-105.0,1,432.534216
-110.0,2,439.377095
-110.0,2,445.410328
-105.0,1,445.410392
-110.0,2,458.855578
-110.0,2,458.855636
-102.5,1,467.026556
-100.0,1,471.014259
-110.0,2,471.014321
-110.0,2,484.114266
-110.0,2,484.114328
-100.0,1,490.82462
-110.0,2,498.106359
-100.0,1,504.515823
-110.0,2,504.515909
-100.0,1,510.524293
-100.0,1,510.524433
-100.0,1,517.884228
-102.5,1,517.884284
-100.0,1,524.714322
-110.0,2,530.703707
-110.0,2,534.430923
-100.0,1,534.431015
-100.0,1,541.087749
-110.0,2,546.45175
-102.5,1,546.451859
-110.0,2,559.767772
-110.0,2,559.767846
-100.0,1,567.47341
-110.0,2,574.654925
-100.0,1,579.017735
-110.0,2,579.017797
-100.0,1,585.3703
-105.0,1,585.370357
-110.0,2,598.867577
-110.0,2,598.867638
-102.5,1,603.549236
-100.0,1,603.549294
-100.0,1,607.621481
-100.0,1,607.621543
-100.0,1,614.714177
-100.0,1,618.725549
-110.0,2,618.725608
-110.0,2,633.663319
-110.0,2,633.663381
-100.0,1,640.596708
-110.0,2,645.850921
-102.5,1,645.85099
-100.0,1,652.023175
-100.0,1,655.852848
-110.0,2,655.852901
-110.0,2,669.558562
-110.0,2,669.558622
-100.0,1,676.17849
-100.0,1,680.211934
-110.0,2,680.212065
-100.0,1,687.583883
-110.0,2,694.7143
-110.0,2,698.924284
-100.0,1,698.924335
-100.0,1,705.883027
-110.0,2,713.167043
-100.0,1,720.040693
-110.0,2,720.040784
-100.0,1,726.050292
-100.0,1,726.050351
-100.0,1,731.643286
-100.0,1,731.643357
-110.0,2,751.341023
-110.0,2,751.341097
-100.0,1,756.498949
-100.0,1,756.499014
-102.5,1,763.346166
-100.0,1,763.346227
-100.0,1,769.440159
-100.0,1,769.440242
-100.0,1,778.357706
-110.0,2,785.137686
-110.0,2,794.661678
-100.0,1,800.011243
-110.0,2,800.011308
-100.0,1,807.129569
-100.0,1,813.025846
-110.0,2,813.02591
-100.0,1,818.879633
-100.0,1,818.879707
-110.0,2,838.325136
-110.0,2,838.325202
-100.0,1,848.64455
-102.5,1,855.869439
-110.0,2,855.869545
-100.0,1,862.141638
-100.0,1,862.141726
-100.0,1,867.853559
-100.0,1,867.853674
-100.0,1,878.148414
-110.0,2,884.145601
-100.0,1,884.145661
-100.0,1,894.486513
-110.0,2,903.919562
-100.0,1,908.094056
-110.0,2,908.094113
-100.0,1,916.393925
-100.0,1,923.942962
-110.0,2,923.943078
-100.0,1,935.587734
-100.0,1,941.066512
-110.0,2,941.066579
-100.0,1,945.484323
-100.0,1,945.484419
-110.0,2,961.931774
-110.0,2,961.931908
-110.0,2,983.569241
-110.0,2,983.569317
-100.0,1,992.66272
-100.0,1,997.443333
-110.0,2,997.443395
-100.0,1,1001.642434
-100.0,1,1001.642505
-100.0,1,1005.866922
-100.0,1,1005.866987
-102.5,1,1011.164147
-100.0,1,1011.164204
-100.0,1,1015.37186
-100.0,1,1015.371919
-100.0,1,1019.606245
-100.0,1,1019.606312
-102.5,1,1028.234836
-100.0,1,1032.655413
-110.0,2,1032.655478
-100.0,1,1038.099581
-102.5,1,1038.09965
-100.0,1,1042.220252
-100.0,1,1042.220314
-110.0,2,1056.231517
-110.0,2,1056.231578
-105.0,1,1062.825114
-100.0,1,1062.825171
-100.0,1,1069.176648
-105.0,1,1069.176709
-100.0,1,1076.08218
-110.0,2,1083.605092
-110.0,2,1087.881123
-100.0,1,1087.881188
-100.0,1,1092.203203
-100.0,1,1092.203357
-100.0,1,1105.561741
-110.0,2,1114.423769
-100.0,1,1114.423936
-100.0,1,1148.811225
-110.0,2,1157.959169
-100.0,1,1157.959263
-100.0,1,1173.771339
-100.0,1,1182.48952
-110.0,2,1182.489618
-110.0,2,1204.97029
-110.0,2,1204.97035
-100.0,1,1215.680693
-110.0,2,1222.029557
-100.0,1,1222.029617
-100.0,1,1227.324062
-100.0,1,1227.324121
-100.0,1,1233.51942
-100.0,1,1233.519485
-100.0,1,1239.870464
-100.0,1,1239.870525
-100.0,1,1245.352755
-100.0,1,1245.352812
-100.0,1,1250.51432
-100.0,1,1250.514382
-100.0,1,1259.301009
-105.0,1,1268.440491
-110.0,2,1268.440551
-110.0,2,1287.501887
-110.0,2,1287.50196
-102.5,1,1293.882872
-102.5,1,1293.882931
-100.0,1,1300.680241
-100.0,1,1304.966398
-110.0,2,1304.966491
-100.0,1,1311.502653
-110.0,2,1318.064706
-110.0,2,1322.295215
-100.0,1,1322.295273
-100.0,1,1329.783612
-110.0,2,1333.862074
-100.0,1,1333.862139
-100.0,1,1340.906263
-110.0,2,1348.203354
-110.0,2,1356.240744
-47.5,1,1356.240807
-77.5,1,1363.617952
-100.0,1,1363.618014
-100.0,1,1371.315934
-100.0,1,1371.316028
-110.0,2,1392.961148
-110.0,2,1392.961339
-110.0,2,1412.351074
-110.0,2,1412.351144
-100.0,1,1422.606259
-100.0,1,1428.483935
-110.0,2,1428.483999
-100.0,1,1437.294913
-100.0,1,1442.533055
-110.0,2,1442.533116
-100.0,1,1452.344182
-110.0,2,1465.484344
-110.0,2,1474.727823
-105.0,1,1474.727887
-100.0,1,1484.087625
-110.0,2,1490.082418
-100.0,1,1490.0825
-100.0,1,1500.517903
-110.0,2,1505.970442
-100.0,1,1505.970508
-100.0,1,1515.384661
-110.0,2,1520.722337
-100.0,1,1520.722432
-102.5,1,1531.74024
-110.0,2,1536.177248
-100.0,1,1536.177297
-100.0,1,1543.274095
-110.0,2,1547.427537
-100.0,1,1547.427595
-102.5,1,1555.738532
-100.0,1,1559.737646
-110.0,2,1559.737714
-100.0,1,1563.786897
-100.0,1,1563.786964
-100.0,1,1567.774604
-100.0,1,1567.774656
-100.0,1,1573.967453
-110.0,2,1580.503309
-110.0,2,1586.53465
-110.0,2,1593.381056
-110.0,2,1600.388598
-105.0,1,1606.380359
-110.0,2,1606.380418
-100.0,1,1610.991276
-100.0,1,1610.991334
-100.0,1,1617.83669
-110.0,2,1624.575658
-110.0,2,1630.553553
-105.0,1,1630.553612
-105.0,1,1644.651094
-110.0,2,1657.001241
-110.0,2,1664.111333
-100.0,1,1664.111396
-100.0,1,1669.116628
-100.0,1,1669.116679
-100.0,1,1676.806225
-100.0,1,1681.559261
-110.0,2,1681.559379
-100.0,1,1689.661554
-100.0,1,1695.037965
-110.0,2,1695.038049
-100.0,1,1707.983227
-110.0,2,1713.910596
-100.0,1,1713.910651
-100.0,1,1720.814525
-110.0,2,1725.872899
-102.5,1,1725.873009
-102.5,1,1735.150398
-100.0,1,1740.139223
-110.0,2,1740.139286
-110.0,2,1759.195972
-110.0,2,1759.196026
-100.0,1,1768.956826
-110.0,2,1778.389589
-110.0,2,1783.653059
-100.0,1,1783.653111
-110.0,2,1803.33616
-110.0,2,1803.336225
-100.0,1,1809.034812
-100.0,1,1809.034866
-100.0,1,1816.535757
-100.0,1,1816.535815
-100.0,1,1821.830137
-100.0,1,1821.83022
-110.0,2,1839.787437
-110.0,2,1839.787537
-100.0,1,1848.977246
-100.0,1,1854.073526
-110.0,2,1854.073589
-100.0,1,1862.698736
-100.0,1,1868.275459
-110.0,2,1868.27552
-100.0,1,1877.593738
-100.0,1,1885.367606
-110.0,2,1885.367696
-100.0,1,1896.454361
-100.0,1,1902.322947
-110.0,2,1902.323005
-100.0,1,1912.824
-105.0,1,1912.824061
-100.0,1,1922.564852
-110.0,2,1932.317617
-110.0,2,1936.710244
-100.0,1,1936.710313
-100.0,1,1941.165479
-100.0,1,1941.165546
-100.0,1,1947.882274
-102.5,1,1947.882329
-100.0,1,1956.628798
-110.0,2,1961.301613
-100.0,1,1961.301674
-110.0,2,1975.459877
-110.0,2,1975.45995
-100.0,1,1982.0073
-100.0,1,1985.936027
-110.0,2,1985.936089
-100.0,1,1992.279349
-110.0,2,1996.323893
-100.0,1,1996.323952
-100.0,1,2002.888464
-110.0,2,2007.124637
-100.0,1,2007.124697
-100.0,1,2014.559032
-110.0,2,2023.099695
-110.0,2,2030.871795
-110.0,2,2041.711841
-110.0,2,2048.50822
-100.0,1,2048.508325
-100.0,1,2058.052966
-100.0,1,2063.921297
-110.0,2,2063.921373
-100.0,1,2073.491804
-100.0,1,2079.32786
-110.0,2,2079.327923
-100.0,1,2089.938748
-100.0,1,2096.411999
-110.0,2,2096.412076
-100.0,1,2105.582313
-100.0,1,2111.274733
-110.0,2,2111.274794
-102.5,1,2120.713153
-100.0,1,2120.713231
-100.0,1,2132.873447
-110.0,2,2140.507266
-100.0,1,2140.507565
-102.5,1,2150.986642
-100.0,1,2150.986741
-100.0,1,2161.357177
-110.0,2,2166.987156
-100.0,1,2166.987215
-110.0,2,2184.923289
-110.0,2,2184.923405
-100.0,1,2196.191699
-110.0,2,2203.630702
-102.5,1,2203.630775
-110.0,2,2222.428641
-110.0,2,2222.428695
-100.0,1,2229.370572
-100.0,1,2229.370635
-100.0,1,2235.320588
-100.0,1,2235.320677
-100.0,1,2240.539274
-100.0,1,2240.539325
-100.0,1,2247.039804
-100.0,1,2247.039858
-100.0,1,2258.688898
-110.0,2,2266.360952
-100.0,1,2266.361022
-100.0,1,2277.227211
-100.0,1,2282.957835
-110.0,2,2282.957904
-100.0,1,2293.850281
-100.0,1,2299.883353
-110.0,2,2299.883413
-100.0,1,2304.635525
-100.0,1,2304.63558
-100.0,1,2309.401526
-100.0,1,2309.401746
-100.0,1,2314.2152
-100.0,1,2314.215259
-100.0,1,2320.038415
-100.0,1,2320.038502
-100.0,1,2328.725125
-110.0,2,2334.028047
-100.0,1,2334.028112
-100.0,1,2343.041697
-110.0,2,2349.007334
-100.0,1,2349.007399
-100.0,1,2358.656371
-100.0,1,2364.60904
-110.0,2,2364.609109
-102.5,1,2373.482236
-100.0,1,2373.482392
-100.0,1,2383.097873
-110.0,2,2389.055138
-100.0,1,2389.055204
-100.0,1,2395.002416
-100.0,1,2395.002483
-100.0,1,2405.085102
-100.0,1,2410.810778
-110.0,2,2410.810845
-100.0,1,2420.466459
-110.0,2,2426.726528
-100.0,1,2426.726587
-100.0,1,2433.001892
-100.0,1,2433.001956
-100.0,1,2443.493013
-100.0,1,2450.271647
-110.0,2,2450.271711
-100.0,1,2455.818661
-100.0,1,2455.818731
-105.0,1,2465.291087
-100.0,1,2465.291185
-100.0,1,2470.938091
-100.0,1,2470.938155
-100.0,1,2476.3643
-100.0,1,2476.364359
-100.0,1,2484.923719
-110.0,2,2493.166991
-100.0,1,2498.950113
-110.0,2,2498.950181
-100.0,1,2505.095402
-100.0,1,2505.095606
-100.0,1,2511.125658
-100.0,1,2511.125721
-100.0,1,2518.852216
-110.0,2,2524.012768
-100.0,1,2524.012828
-100.0,1,2533.001158
-100.0,1,2538.169352
-110.0,2,2538.169414
-100.0,1,2546.822517
-110.0,2,2555.951086
-110.0,2,2565.814436
-110.0,2,2575.69111
-110.0,2,2580.563812
-100.0,1,2580.563874
-100.0,1,2585.489012
-100.0,1,2585.489106
-100.0,1,2593.922772
-110.0,2,2598.837192
-100.0,1,2598.837247
-100.0,1,2604.153217
-100.0,1,2604.153277
-100.0,1,2614.207274
-100.0,1,2619.501413
-110.0,2,2619.501481
-100.0,1,2626.99697
-105.0,1,2626.997031
-110.0,2,2641.207356
-110.0,2,2641.207418
-100.0,1,2645.378589
-100.0,1,2645.378651
-100.0,1,2649.567709
-100.0,1,2649.567767
-100.0,1,2656.541549
-100.0,1,2660.499768
-110.0,2,2660.499827
-100.0,1,2666.5894
-110.0,2,2670.439157
-100.0,1,2670.439215
-102.5,1,2677.933671
-110.0,2,2682.117974
-100.0,1,2682.118033
-100.0,1,2688.985277
-100.0,1,2693.080351
-110.0,2,2693.080409
-100.0,1,2700.123073
-110.0,2,2705.17932
-102.5,1,2705.179384
-100.0,1,2715.658487
-110.0,2,2721.437244
-100.0,1,2721.437306
-100.0,1,2729.637194
-110.0,2,2733.978976
-100.0,1,2733.979043
-100.0,1,2738.30561
-100.0,1,2738.305663
-100.0,1,2744.864807
-105.0,1,2744.864869
-100.0,1,2750.428863
-100.0,1,2750.428926
-100.0,1,2756.067771
-100.0,1,2756.067837
-100.0,1,2761.952032
-100.0,1,2761.952095
-100.0,1,2766.585323
-100.0,1,2766.585386
-110.0,2,2784.130947
-110.0,2,2784.131041
-100.0,1,2793.53282
-110.0,2,2799.383431
-100.0,1,2799.383486
-100.0,1,2810.056454
-110.0,2,2820.517524
-110.0,2,2828.770924
-110.0,2,2833.904117
-100.0,1,2833.90418
-100.0,1,2842.114368
-100.0,1,2846.87912
-110.0,2,2846.879186
-102.5,1,2858.233002
-110.0,2,2869.133995
-110.0,2,2878.896919
-110.0,2,2884.645888
-100.0,1,2884.645993
-100.0,1,2891.184455
-100.0,1,2891.184522
-100.0,1,2900.952946
-100.0,1,2905.954181
-110.0,2,2905.954251
-100.0,1,2911.581156
-100.0,1,2911.581216
-100.0,1,2916.664688
-100.0,1,2916.664764
-100.0,1,2922.311209
-100.0,1,2922.311285
-100.0,1,2929.330396
-100.0,1,2929.330457
-100.0,1,2934.00845
-100.0,1,2934.008518
-102.5,1,2939.485462
-100.0,1,2939.485526
-100.0,1,2946.389849
-100.0,1,2950.593597
-110.0,2,2950.593657
-100.0,1,2958.532799
-100.0,1,2965.241119
-110.0,2,2965.241184
-100.0,1,2975.891164
-110.0,2,2981.801883
-100.0,1,2981.801975
-102.5,1,2989.026558
-100.0,1,2989.026622
-100.0,1,2998.717074
-110.0,2,3009.228117
-110.0,2,3020.510689
-110.0,2,3028.954213
-105.0,1,3028.954341
-100.0,1,3039.498665
-100.0,1,3044.949656
-110.0,2,3044.949716
-100.0,1,3050.767061
-100.0,1,3050.767117
-105.0,1,3059.523128
-100.0,1,3059.523196
-100.0,1,3065.556159
-100.0,1,3065.55625
-100.0,1,3075.358401
-110.0,2,3086.162968
-110.0,2,3091.632723
-100.0,1,3091.632795
-100.0,1,3103.093288
-110.0,2,3113.391609
-100.0,1,3122.070902
-110.0,2,3122.070978
-100.0,1,3130.254974
-100.0,1,3130.255134
-105.0,1,3138.548307
-100.0,1,3138.54838
-100.0,1,3147.053562
-110.0,2,3153.471282
-100.0,1,3153.47135
-110.0,2,3175.541953
-110.0,2,3175.542019
-105.0,1,3188.215287
-110.0,2,3194.625831
-100.0,1,3194.625899
-100.0,1,3206.073446
-110.0,2,3211.80275
-100.0,1,3211.802818
-105.0,1,3222.649822
-110.0,2,3231.132228
-110.0,2,3240.962515
-105.0,1,3240.962589
-110.0,2,3261.076136
-110.0,2,3261.07625
-102.5,1,3272.700841
-110.0,2,3283.33247
-100.0,1,3288.410909
-110.0,2,3288.410974
-100.0,1,3298.19184
-110.0,2,3308.603578
-110.0,2,3314.50423
-100.0,1,3314.504297
-100.0,1,3320.624632
-100.0,1,3320.624727
-102.5,1,3329.096595
-100.0,1,3329.09666
-100.0,1,3338.420835
-110.0,2,3343.346841
-100.0,1,3343.346895
-100.0,1,3349.420728
-100.0,1,3349.420783
-100.0,1,3354.627568
-100.0,1,3354.627641
-100.0,1,3364.130113
-100.0,1,3369.618233
-110.0,2,3369.618292
-100.0,1,3374.579656
-100.0,1,3374.579743
-100.0,1,3380.140826
-100.0,1,3380.140885
-100.0,1,3388.593472
-110.0,2,3393.470569
-100.0,1,3393.470627
-100.0,1,3403.709477
-110.0,2,3408.70692
-100.0,1,3408.706979
-100.0,1,3414.131042
-100.0,1,3414.131168
-100.0,1,3420.917039
-102.5,1,3420.917128
-100.0,1,3426.609289
-100.0,1,3426.609377
-100.0,1,3436.242671
-110.0,2,3441.720195
-100.0,1,3441.72025
-110.0,2,3460.498042
-110.0,2,3460.498098
-102.5,1,3469.236942
-110.0,2,3477.041617
-110.0,2,3484.724683
-110.0,2,3491.249312
-110.0,2,3498.637429
-110.0,2,3505.426155
-102.5,1,3510.187781
-110.0,2,3510.187841
-100.0,1,3516.907423
-100.0,1,3520.864674
-110.0,2,3520.864732
-100.0,1,3526.911836
-105.0,1,3526.911903
-100.0,1,3533.254887
-100.0,1,3536.967264
-110.0,2,3536.967326
-110.0,2,3548.829661
-110.0,2,3548.82972
-100.0,1,3552.70375
-100.0,1,3552.703807
-100.0,1,3556.574146
-100.0,1,3556.574204
-100.0,1,3563.264193
-110.0,2,3567.042237
-100.0,1,3567.042295
-110.0,2,3580.130556
-110.0,2,3580.130617
-100.0,1,3587.290689
-100.0,1,3591.269614
-110.0,2,3591.269703
-100.0,1,3595.109869
-100.0,1,3595.109932
-100.0,1,3601.262003
-47.5,1,3609.453348
-110.0,2,3609.45341
-100.0,1,3613.881754
-100.0,1,3613.881816
-100.0,1,3621.157799
-110.0,2,3629.939061
-110.0,2,3640.322165
-110.0,2,3649.300901
-105.0,1,3649.30096
-100.0,1,3657.363363
-100.0,1,3662.197625
-110.0,2,3662.197716
-102.5,1,3667.615329
-100.0,1,3667.615388
-100.0,1,3674.914243
-110.0,2,3683.429356
-110.0,2,3691.488281
-110.0,2,3699.3418
-100.0,1,3703.530071
-110.0,2,3703.53013
-102.5,1,3709.070855
-100.0,1,3709.070916
-102.5,1,3715.893045
-100.0,1,3715.893139
-100.0,1,3724.210259
-110.0,2,3728.958025
-100.0,1,3728.95808
-100.0,1,3734.906143
-102.5,1,3734.906204
-100.0,1,3742.035625
-100.0,1,3747.493185
-110.0,2,3747.493246
-100.0,1,3752.644469
-100.0,1,3752.644533
-100.0,1,3759.211164
-102.5,1,3759.211287
-100.0,1,3767.641497
-110.0,2,3773.61398
-100.0,1,3773.614086
-100.0,1,3779.287605
-100.0,1,3779.287675
-100.0,1,3785.076765
-100.0,1,3785.076855
-100.0,1,3791.453507
-100.0,1,3791.453583
-100.0,1,3799.143636
-102.5,1,3799.143708
-100.0,1,3805.293245
-100.0,1,3805.293309
-100.0,1,3811.636369
-100.0,1,3811.636446
-100.0,1,3821.544506
-100.0,1,3827.224855
-110.0,2,3827.224935
-100.0,1,3835.372517
-110.0,2,3840.688281
-100.0,1,3840.688344
-100.0,1,3846.46323
-100.0,1,3846.463302
-100.0,1,3851.750892
-100.0,1,3851.750965
-100.0,1,3860.280335
-100.0,1,3865.257139
-110.0,2,3865.257199
-110.0,2,3881.457582
-110.0,2,3881.457645
-100.0,1,3890.181532
-110.0,2,3898.389352
-102.5,1,3904.54327
-110.0,2,3904.543334
-110.0,2,3921.861649
-110.0,2,3921.861711
-100.0,1,3930.911782
-100.0,1,3935.78281
-110.0,2,3935.782873
-100.0,1,3941.008249
-100.0,1,3941.008311
-100.0,1,3947.799719
-102.5,1,3947.799782
-100.0,1,3956.169554
-100.0,1,3960.971671
-110.0,2,3960.97177
-100.0,1,3970.008494
-110.0,2,3978.24014
-110.0,2,3987.184855
-100.0,1,3992.465452
-110.0,2,3992.465587
-100.0,1,3997.644134
-100.0,1,3997.644201
-100.0,1,4003.999078
-102.5,1,4003.999152
-100.0,1,4009.621547
-100.0,1,4009.621639
-100.0,1,4015.174471
-100.0,1,4015.174535
-100.0,1,4020.005708
-100.0,1,4020.00598
-100.0,1,4027.974693
-110.0,2,4033.031056
-100.0,1,4033.031119
-100.0,1,4038.009863
-100.0,1,4038.009927
-100.0,1,4047.103271
-100.0,1,4052.232598
-110.0,2,4052.232728
-100.0,1,4057.317245
-100.0,1,4057.317309
-100.0,1,4062.195372
-100.0,1,4062.195435
-100.0,1,4070.295874
-110.0,2,4078.802279
-110.0,2,4087.542961
-110.0,2,4092.682204
-100.0,1,4092.682311
-105.0,1,4100.555416
-100.0,1,4100.55548
-100.0,1,4108.807359
-110.0,2,4116.979896
-110.0,2,4124.863005
-110.0,2,4130.350671
-100.0,1,4130.350735
-110.0,2,4147.060269
-110.0,2,4147.060337
-110.0,2,4164.175403
-110.0,2,4164.175591
-100.0,1,4170.10121
-100.0,1,4170.101272
-100.0,1,4178.084826
-110.0,2,4185.750064
-110.0,2,4191.380446
-100.0,1,4191.380511
-100.0,1,4196.342578
-100.0,1,4196.342641
-100.0,1,4203.995816
-110.0,2,4210.131182
-102.5,1,4210.131245
-100.0,1,4215.304265
-100.0,1,4215.304335
-100.0,1,4221.31831
-100.0,1,4221.318369
-110.0,2,4238.427711
-110.0,2,4238.427785
-100.0,1,4247.257156
-110.0,2,4252.726698
-100.0,1,4252.726771
-105.0,1,4259.87906
-100.0,1,4259.879127
-100.0,1,4267.911465
-110.0,2,4276.822469
-100.0,1,4282.322003
-110.0,2,4282.322065
-100.0,1,4287.798487
-100.0,1,4287.798551
-100.0,1,4293.09313
-100.0,1,4293.09339
-102.5,1,4300.313864
-100.0,1,4300.313931
-100.0,1,4309.406738
-110.0,2,4314.477988
-100.0,1,4314.478079
-100.0,1,4319.296596
-100.0,1,4319.296662
-100.0,1,4324.410998
-100.0,1,4324.411111
-105.0,1,4332.119939
-100.0,1,4332.120003
-100.0,1,4341.252071
-100.0,1,4347.055914
-110.0,2,4347.055977
-100.0,1,4352.947783
-100.0,1,4352.947851
-100.0,1,4358.020766
-100.0,1,4358.020832
-100.0,1,4363.299047
-100.0,1,4363.299118
-102.5,1,4373.218256
-100.0,1,4378.461567
-110.0,2,4378.461648
-100.0,1,4386.779575
-110.0,2,4395.93801
-110.0,2,4401.099488
-100.0,1,4401.099646
-100.0,1,4409.756609
-100.0,1,4415.038488
-110.0,2,4415.038554
-100.0,1,4420.350052
-100.0,1,4420.350148
-110.0,2,4437.343724
-110.0,2,4437.34379
-100.0,1,4445.052427
-110.0,2,4451.042032
-100.0,1,4451.042087
-100.0,1,4456.466769
-100.0,1,4456.466902
-102.5,1,4461.893104
-100.0,1,4461.893163
-102.5,1,4469.518379
-110.0,2,4475.873466
-110.0,2,4481.885116
-105.0,1,4481.885203
-100.0,1,4488.123024
-100.0,1,4492.198786
-110.0,2,4492.198843
-100.0,1,4496.112671
-100.0,1,4496.11273
-100.0,1,4502.634428
-110.0,2,4509.402148
-110.0,2,4517.597538
-110.0,2,4521.666761
-100.0,1,4521.666817
-100.0,1,4525.551998
-100.0,1,4525.552058
-110.0,2,4539.044915
-110.0,2,4539.044973
-100.0,1,4542.869308
-100.0,1,4542.869371
-100.0,1,4549.521601
-110.0,2,4556.104957
-110.0,2,4562.604708
-100.0,1,4566.425776
-110.0,2,4566.425856
-102.5,1,4574.164653
-110.0,2,4578.071792
-100.0,1,4578.071854
-100.0,1,4581.941385
-100.0,1,4581.941444
-100.0,1,4588.569953
-110.0,2,4592.379529
-100.0,1,4592.379588
-100.0,1,4600.307824
-110.0,2,4608.784323
-110.0,2,4617.156917
-110.0,2,4621.860473
-100.0,1,4621.860565
-105.0,1,4629.459952
-100.0,1,4629.460013
-102.5,1,4635.903448
-100.0,1,4635.903511
-100.0,1,4641.428051
-100.0,1,4641.428119
-100.0,1,4648.140875
-102.5,1,4648.140935
-100.0,1,4656.430804
-100.0,1,4661.405119
-110.0,2,4661.405187
-110.0,2,4678.5582
-110.0,2,4678.558264
-102.5,1,4686.663831
-105.0,1,4686.663895
-100.0,1,4694.07127
-100.0,1,4699.074413
-110.0,2,4699.07448
-100.0,1,4707.757143
-110.0,2,4716.344865
-110.0,2,4722.375212
-102.5,1,4722.375279
-100.0,1,4731.277854
-110.0,2,4736.360395
-100.0,1,4736.360473
-100.0,1,4741.227754
-100.0,1,4741.227823
-100.0,1,4746.454017
-100.0,1,4746.454095
-100.0,1,4751.671116
-100.0,1,4751.671181
-100.0,1,4756.875082
-100.0,1,4756.875183
-100.0,1,4762.618542
-100.0,1,4762.618693
-100.0,1,4767.653226
-100.0,1,4767.653287
-105.0,1,4775.696573
-100.0,1,4775.696654
-100.0,1,4783.869056
-110.0,2,4789.222653
-100.0,1,4789.222722
-100.0,1,4794.90752
-100.0,1,4794.907587
-100.0,1,4802.638242
-100.0,1,4807.788697
-110.0,2,4807.788763
-100.0,1,4816.591931
-100.0,1,4822.049109
-110.0,2,4822.049171
-100.0,1,4830.007093
-105.0,1,4830.007159
-102.5,1,4838.83617
-110.0,2,4846.604831
-110.0,2,4855.713004
-100.0,1,4860.845311
-110.0,2,4860.845375
-100.0,1,4867.983275
-102.5,1,4867.983402
-110.0,2,4882.216261
-110.0,2,4882.216316
-100.0,1,4891.587308
-110.0,2,4900.569157
-110.0,2,4906.829064
-100.0,1,4906.82912
-100.0,1,4916.18969
-100.0,1,4921.371772
-110.0,2,4921.371829
-110.0,2,4937.853366
-110.0,2,4937.853431
-100.0,1,4944.282373
-110.0,2,4948.403145
-100.0,1,4948.403268
-100.0,1,4954.626946
-110.0,2,4958.641369
-100.0,1,4958.64143
-100.0,1,4965.673644
-100.0,1,4969.918048
-110.0,2,4969.918107
-102.5,1,4977.896843
-110.0,2,4981.934218
-100.0,1,4981.934278
-102.5,1,4989.65083
-110.0,2,4997.54444
-100.0,1,5001.244686
-110.0,2,5001.244745
-100.0,1,5007.842193
-110.0,2,5013.918497
-110.0,2,5017.823919
-100.0,1,5017.823976
-102.5,1,5024.954685
-110.0,2,5031.594646
-110.0,2,5037.85622
-100.0,1,5041.726815
-110.0,2,5041.726874
-100.0,1,5047.902367
-110.0,2,5053.926257
-100.0,1,5057.952837
-110.0,2,5057.952893
-100.0,1,5064.224728
-105.0,1,5070.096932
-110.0,2,5070.096992
-100.0,1,5076.83177
-100.0,1,5080.779236
-110.0,2,5080.779308
-100.0,1,5084.637952
-100.0,1,5084.63801
-75.0,1,5093.420363
-75.0,1,5093.420426
-100.0,1,5097.147281
-100.0,1,5097.147337
-100.0,1,5101.080303
-100.0,1,5101.080362
-100.0,1,5107.693789
-110.0,2,5113.779429
-105.0,1,5119.501241
-110.0,2,5119.501301
-100.0,1,5125.516602
-110.0,2,5129.582761
-100.0,1,5129.582817
-100.0,1,5136.499153
-100.0,1,5140.413085
-110.0,2,5140.413145
-102.5,1,5145.162755
-100.0,1,5145.162807
-100.0,1,5149.036854
-100.0,1,5149.036912
-100.0,1,5155.064429
-100.0,1,5158.788134
-110.0,2,5158.788194
-100.0,1,5164.746543
-100.0,1,5168.438323
-110.0,2,5168.438383
-102.5,1,5175.361748
-110.0,2,5179.139904
-100.0,1,5179.139964
-100.0,1,5182.887211
-100.0,1,5182.887261
-100.0,1,5186.586532
-100.0,1,5186.586584
-100.0,1,5190.277799
-100.0,1,5190.27786
-110.0,2,5203.107416
-110.0,2,5203.107475
-100.0,1,5209.52947
-73.0,1,5209.529529
-102.5,1,5214.28507
-100.0,1,5214.285128
-100.0,1,5220.357842
-100.0,1,5224.120772
-110.0,2,5224.120841
-102.5,1,5228.828034
-100.0,1,5228.828085
-100.0,1,5232.575992
-100.0,1,5232.576059
-100.0,1,5236.413327
-100.0,1,5236.413386
-100.0,1,5240.285147
-100.0,1,5240.285206
-100.0,1,5246.677337
-100.0,1,5250.64136
-110.0,2,5250.641414
-100.0,1,5254.61077
-100.0,1,5254.61083
-100.0,1,5258.44832
-100.0,1,5258.448377
-100.0,1,5265.208239
-102.5,1,5269.876319
-110.0,2,5269.876378
-100.0,1,5273.829045
-100.0,1,5273.829102
-102.5,1,5278.566788
-100.0,1,5278.566851
-100.0,1,5282.475942
-100.0,1,5282.476006
-100.0,1,5286.288308
-100.0,1,5286.288364
-100.0,1,5292.849813
-110.0,2,5297.598588
-102.5,1,5297.598644
-102.5,1,5304.435193
-100.0,1,5308.033396
-110.0,2,5308.033459
-100.0,1,5312.133633
-100.0,1,5312.133692
-100.0,1,5316.126827
-100.0,1,5316.126889
-100.0,1,5322.398721
-100.0,1,5326.177058
-110.0,2,5326.177163
-110.0,2,5338.474496
-110.0,2,5338.474571
-100.0,1,5342.07312
-100.0,1,5342.073186
-100.0,1,5345.711553
-100.0,1,5345.711613
-100.0,1,5349.917634
-100.0,1,5349.917694
-100.0,1,5357.379081
-100.0,1,5362.716392
-110.0,2,5362.716447
-100.0,1,5367.752017
-100.0,1,5367.75207
-100.0,1,5374.930732
-110.0,2,5381.60939
-110.0,2,5388.214318
-110.0,2,5394.727337
-110.0,2,5398.682472
-100.0,1,5398.682535
-105.0,1,5405.926843
-100.0,1,5405.926901
-100.0,1,5413.895558
-110.0,2,5423.631417
-110.0,2,5433.840712
-110.0,2,5441.589978
-105.0,1,5448.579862
-110.0,2,5448.579937
-100.0,1,5454.593119
-100.0,1,5454.593186
-100.0,1,5459.582707
-100.0,1,5459.582767
-100.0,1,5468.021131
-110.0,2,5472.711607
-100.0,1,5472.711665
-100.0,1,5477.881542
-100.0,1,5477.881692
-100.0,1,5484.888079
-100.0,1,5489.493813
-110.0,2,5489.493879
-110.0,2,5506.85359
-110.0,2,5506.853652
-100.0,1,5511.251858
-100.0,1,5511.251918
-100.0,1,5515.468502
-100.0,1,5515.468564
-100.0,1,5524.924191
-100.0,1,5529.522064
-110.0,2,5529.522121
-100.0,1,5535.07924
-100.0,1,5535.079298
-100.0,1,5541.177801
-100.0,1,5541.177898
-100.0,1,5545.458647
-100.0,1,5545.458711
-100.0,1,5549.820414
-100.0,1,5549.820472
-100.0,1,5554.366008
-100.0,1,5554.366064
-100.0,1,5562.374686
-110.0,2,5567.97195
-100.0,1,5567.972009
-100.0,1,5573.286034
-100.0,1,5573.286086
-102.5,1,5580.422343
-100.0,1,5580.422405
-100.0,1,5587.745318
-110.0,2,5592.144302
-100.0,1,5592.144362
-100.0,1,5600.362733
-100.0,1,5605.11731
-110.0,2,5605.117367
-100.0,1,5613.358372
-100.0,1,5618.756409
-110.0,2,5618.756467
-100.0,1,5623.058262
-100.0,1,5623.05834
-100.0,1,5631.654564
-100.0,1,5635.736155
-110.0,2,5635.736284
-100.0,1,5639.725037
-100.0,1,5639.725095
-100.0,1,5644.169264
-100.0,1,5644.169328
-100.0,1,5650.796329
-110.0,2,5654.917682
-100.0,1,5654.917743
-100.0,1,5661.62186
-100.0,1,5666.500852
-110.0,2,5666.500912
-102.5,1,5673.667266
-100.0,1,5673.667327
-100.0,1,5681.313675
-110.0,2,5685.634696
-100.0,1,5685.634759
-100.0,1,5689.792367
-100.0,1,5689.792439
-100.0,1,5693.943246
-100.0,1,5693.943305
-102.5,1,5698.963141
-100.0,1,5698.963202
-100.0,1,5705.688885
-100.0,1,5710.352952
-110.0,2,5710.35302
-100.0,1,5716.119481
-100.0,1,5716.11954
-100.0,1,5721.999822
-102.5,1,5721.999886
-100.0,1,5731.009448
-110.0,2,5736.03911
-100.0,1,5736.039176
